{"accuracy": [0.6075823307037354, 0.8624083995819092, 0.9141759872436523, 0.9409773349761963, 0.9549328088760376, 0.9655025005340576, 0.9733266830444336, 0.9771534204483032, 0.9787893891334534, 0.9819332957267761], "loss": [1.338497519493103, 0.4394224286079407, 0.2652795612812042, 0.18088504672050476, 0.13822615146636963, 0.1037985235452652, 0.0836317390203476, 0.07195782661437988, 0.06444766372442245, 0.054955560714006424], "val_accuracy": [0.8328590989112854, 0.8905645608901978, 0.9345549941062927, 0.9562371969223022, 0.9591964483261108, 0.957659900188446, 0.9642613530158997, 0.9677327275276184, 0.9667084217071533, 0.9723992943763733], "val_loss": [0.5267043709754944, 0.33765095472335815, 0.2037051022052765, 0.1408318728208542, 0.12684093415737152, 0.13589447736740112, 0.12024113535881042, 0.10753821581602097, 0.11019465327262878, 0.10270889103412628]}